USE Student_Management
GO

------------------INSERT VALUES---------------------------
INSERT INTO [Departments] ([department_name])
VALUES
('Computer Science'),
('Mathematics'),
('Biology'),
('Chemistry'),
('Physics'),
('English'),
('Business'),
('Economics'),
('History'),
('Psychology');

INSERT INTO [Teachers] ([first_name], [last_name], [email], [department_id])
VALUES
('John', 'Smith', 'john.smith@school.edu', 1),
('Emily', 'Davis', 'emily.davis@school.edu', 2),
('Michael', 'Brown', 'michael.brown@school.edu', 3),
('Sarah', 'Wilson', 'sarah.wilson@school.edu', 4),
('David', 'Taylor', 'david.taylor@school.edu', 5),
('Olivia', 'Anderson', 'olivia.anderson@school.edu', 6),
('Daniel', 'Thomas', 'daniel.thomas@school.edu', 7),
('Sophia', 'Jackson', 'sophia.jackson@school.edu', 8),
('James', 'White', 'james.white@school.edu', 9),
('Emma', 'Harris', 'emma.harris@school.edu', 10),
('Liam', 'Martin', 'liam.martin@school.edu', 1),
('Ava', 'Thompson', 'ava.thompson@school.edu', 2),
('Noah', 'Garcia', 'noah.garcia@school.edu', 3),
('Isabella', 'Martinez', 'isabella.martinez@school.edu', 4),
('William', 'Robinson', 'william.robinson@school.edu', 5),
('Mia', 'Clark', 'mia.clark@school.edu', 6),
('Benjamin', 'Rodriguez', 'benjamin.rodriguez@school.edu', 7),
('Charlotte', 'Lewis', 'charlotte.lewis@school.edu', 8),
('Lucas', 'Lee', 'lucas.lee@school.edu', 9),
('Amelia', 'Walker', 'amelia.walker@school.edu', 10);

INSERT INTO [Courses] ([course_id], [course_code], [course_name], [department_id])
VALUES
('C001', 'COP1001', 'Intro to Programming', 1),
('C002', 'COP2002', 'Object Oriented Programming', 1),
('C003', 'COP3530', 'Data Structures', 1),
('C004', 'CDA3201', 'Computer Logic Design', 1),
('C005', 'MAD2104', 'Discrete Mathematics', 2),
('C006', 'MAC2311', 'Calculus I', 2),
('C007', 'MAC2312', 'Calculus II', 2),
('C008', 'BSC1010', 'General Biology', 3),
('C009', 'BSC2010', 'Microbiology', 3),
('C010', 'CHM2045', 'General Chemistry', 4),
('C011', 'CHM2210', 'Organic Chemistry', 4),
('C012', 'PHY2048', 'Physics I', 5),
('C013', 'PHY2049', 'Physics II', 5),
('C014', 'ENC1101', 'Composition I', 6),
('C015', 'LIT2000', 'Introduction to Literature', 6),
('C016', 'BUS1011', 'Introduction to Business', 7),
('C017', 'FIN3403', 'Financial Management', 7),
('C018', 'ECO2013', 'Macroeconomics', 8),
('C019', 'HIS1010', 'World History', 9),
('C020', 'PSY2012', 'General Psychology', 10);

INSERT INTO [Sections] ([section_id], [course_id], [teacher_id], [semester], [year])
VALUES
('SEC001', 'C001', 1, 'Spring', 2026),
('SEC002', 'C001', 1, 'Fall', 2026),

('SEC003', 'C002', 2, 'Summer', 2026),
('SEC004', 'C002', 2, 'Winter', 2026),

('SEC005', 'C003', 3, 'Spring', 2026),
('SEC006', 'C003', 3, 'Fall', 2026),
('SEC007', 'C003', 3, 'Winter', 2026),

('SEC008', 'C004', 4, 'Summer', 2026),

('SEC009', 'C005', 5, 'Spring', 2026),
('SEC010', 'C005', 5, 'Fall', 2026),

('SEC011', 'C006', 6, 'Summer', 2026),
('SEC012', 'C006', 6, 'Winter', 2026),

('SEC013', 'C007', 7, 'Spring', 2026),

('SEC014', 'C008', 8, 'Fall', 2026),
('SEC015', 'C008', 8, 'Winter', 2026),

('SEC016', 'C009', 9, 'Summer', 2026),

('SEC017', 'C010', 10, 'Spring', 2026),
('SEC018', 'C010', 10, 'Fall', 2026),

('SEC019', 'C011', 11, 'Winter', 2026),

('SEC020', 'C012', 12, 'Summer', 2026),
('SEC021', 'C012', 12, 'Fall', 2026),

('SEC022', 'C013', 13, 'Spring', 2026),

('SEC023', 'C014', 14, 'Winter', 2026),

('SEC024', 'C015', 15, 'Summer', 2026),
('SEC025', 'C015', 15, 'Fall', 2026),

('SEC026', 'C016', 16, 'Spring', 2026),

('SEC027', 'C017', 17, 'Winter', 2026),

('SEC028', 'C018', 18, 'Fall', 2026),
('SEC029', 'C018', 18, 'Summer', 2026),

('SEC030', 'C019', 19, 'Spring', 2026),

('SEC031', 'C020', 20, 'Winter', 2026),
('SEC032', 'C020', 20, 'Fall', 2026);

INSERT INTO [Students] ([first_name], [last_name], [DOB], [email], [department_id])
VALUES
('Liam', 'Nguyen', '2003-01-15', 'liam.nguyen@university.edu', 1),
('Emma', 'Tran', '2003-02-10', 'emma.tran@university.edu', 2),
('Noah', 'Le', '2003-03-05', 'noah.le@university.edu', 3),
('Olivia', 'Pham', '2003-04-20', 'olivia.pham@university.edu', 4),
('William', 'Hoang', '2003-05-12', 'william.hoang@university.edu', 5),
('Ava', 'Vo', '2003-06-18', 'ava.vo@university.edu', 6),
('James', 'Dang', '2003-07-09', 'james.dang@university.edu', 7),
('Sophia', 'Bui', '2003-08-14', 'sophia.bui@university.edu', 8),
('Benjamin', 'Do', '2003-09-30', 'benjamin.do@university.edu', 9),
('Isabella', 'Huynh', '2003-10-11', 'isabella.huynh@university.edu', 10),

('Lucas', 'Patel', '2004-01-15', 'lucas.patel@university.edu', 1),
('Mia', 'Sharma', '2004-02-10', 'mia.sharma@university.edu', 2),
('Henry', 'Kim', '2004-03-05', 'henry.kim@university.edu', 3),
('Charlotte', 'Park', '2004-04-20', 'charlotte.park@university.edu', 4),
('Alexander', 'Chen', '2004-05-12', 'alexander.chen@university.edu', 5),
('Amelia', 'Liu', '2004-06-18', 'amelia.liu@university.edu', 6),
('Michael', 'Wang', '2004-07-09', 'michael.wang@university.edu', 7),
('Harper', 'Zhang', '2004-08-14', 'harper.zhang@university.edu', 8),
('Ethan', 'Lin', '2004-09-30', 'ethan.lin@university.edu', 9),
('Evelyn', 'Choi', '2004-10-11', 'evelyn.choi@university.edu', 10),

('Daniel', 'Garcia', '2003-01-17', 'daniel.garcia@university.edu', 1),
('Abigail', 'Martinez', '2003-02-12', 'abigail.martinez@university.edu', 2),
('Matthew', 'Lopez', '2003-03-07', 'matthew.lopez@university.edu', 3),
('Emily', 'Gonzalez', '2003-04-22', 'emily.gonzalez@university.edu', 4),
('Joseph', 'Rodriguez', '2003-05-14', 'joseph.rodriguez@university.edu', 5),
('Ella', 'Hernandez', '2003-06-20', 'ella.hernandez@university.edu', 6),
('Samuel', 'Perez', '2003-07-11', 'samuel.perez@university.edu', 7),
('Elizabeth', 'Sanchez', '2003-08-16', 'elizabeth.sanchez@university.edu', 8),
('David', 'Ramirez', '2003-10-02', 'david.ramirez@university.edu', 9),
('Sofia', 'Torres', '2003-10-13', 'sofia.torres@university.edu', 10),

('Carter', 'Anderson', '2004-01-17', 'carter.anderson@university.edu', 1),
('Avery', 'Thomas', '2004-02-12', 'avery.thomas@university.edu', 2),
('Wyatt', 'Jackson', '2004-03-07', 'wyatt.jackson@university.edu', 3),
('Scarlett', 'White', '2004-04-22', 'scarlett.white@university.edu', 4),
('John', 'Harris', '2004-05-14', 'john.harris@university.edu', 5),
('Grace', 'Martin', '2004-06-20', 'grace.martin@university.edu', 6),
('Owen', 'Thompson', '2004-07-11', 'owen.thompson@university.edu', 7),
('Chloe', 'Moore', '2004-08-16', 'chloe.moore@university.edu', 8),
('Jack', 'Clark', '2004-10-02', 'jack.clark@university.edu', 9),
('Victoria', 'Lewis', '2004-10-13', 'victoria.lewis@university.edu', 10),

('Luke', 'Walker', '2003-01-19', 'luke.walker@university.edu', 1),
('Aria', 'Hall', '2003-02-14', 'aria.hall@university.edu', 2),
('Jayden', 'Allen', '2003-03-09', 'jayden.allen@university.edu', 3),
('Lily', 'Young', '2003-04-24', 'lily.young@university.edu', 4),
('Gabriel', 'King', '2003-05-16', 'gabriel.king@university.edu', 5),
('Hannah', 'Wright', '2003-06-22', 'hannah.wright@university.edu', 6),
('Julian', 'Scott', '2003-07-13', 'julian.scott@university.edu', 7),
('Zoey', 'Green', '2003-08-18', 'zoey.green@university.edu', 8),
('Levi', 'Baker', '2003-10-04', 'levi.baker@university.edu', 9),
('Nora', 'Adams', '2003-10-15', 'nora.adams@university.edu', 10),

('Isaac', 'Nelson', '2004-01-19', 'isaac.nelson@university.edu', 1),
('Layla', 'Carter', '2004-02-14', 'layla.carter@university.edu', 2),
('Anthony', 'Mitchell', '2004-03-09', 'anthony.mitchell@university.edu', 3),
('Riley', 'Perez', '2004-04-24', 'riley.perez2@university.edu', 4),
('Dylan', 'Roberts', '2004-05-16', 'dylan.roberts@university.edu', 5),
('Aurora', 'Turner', '2004-06-22', 'aurora.turner@university.edu', 6),
('Thomas', 'Phillips', '2004-07-13', 'thomas.phillips@university.edu', 7),
('Penelope', 'Campbell', '2004-08-18', 'penelope.campbell@university.edu', 8),
('Mason', 'Parker', '2004-10-04', 'mason.parker@university.edu', 9),
('Lillian', 'Evans', '2004-10-15', 'lillian.evans@university.edu', 10),

('Logan', 'Edwards', '2003-01-21', 'logan.edwards@university.edu', 1),
('Addison', 'Collins', '2003-02-16', 'addison.collins@university.edu', 2),
('Sebastian', 'Stewart', '2003-03-11', 'sebastian.stewart@university.edu', 3),
('Natalie', 'Morris', '2003-04-26', 'natalie.morris@university.edu', 4),
('Aiden', 'Rogers', '2003-05-18', 'aiden.rogers@university.edu', 5),
('Camila', 'Reed', '2003-06-24', 'camila.reed@university.edu', 6),
('Jackson', 'Cook', '2003-07-15', 'jackson.cook@university.edu', 7),
('Stella', 'Morgan', '2003-08-20', 'stella.morgan@university.edu', 8),
('Christopher', 'Bell', '2003-10-06', 'christopher.bell@university.edu', 9),
('Hazel', 'Murphy', '2003-10-17', 'hazel.murphy@university.edu', 10),

('Andrew', 'Bailey', '2004-01-21', 'andrew.bailey@university.edu', 1),
('Ellie', 'Rivera', '2004-02-16', 'ellie.rivera@university.edu', 2),
('Joshua', 'Cooper', '2004-03-11', 'joshua.cooper@university.edu', 3),
('Violet', 'Richardson', '2004-04-26', 'violet.richardson@university.edu', 4),
('Nathan', 'Cox', '2004-05-18', 'nathan.cox@university.edu', 5),
('Lucy', 'Howard', '2004-06-24', 'lucy.howard@university.edu', 6),
('Caleb', 'Ward', '2004-07-15', 'caleb.ward@university.edu', 7),
('Savannah', 'Torres', '2004-08-20', 'savannah.torres2@university.edu', 8),
('Ryan', 'Peterson', '2004-10-06', 'ryan.peterson@university.edu', 9),
('Audrey', 'Gray', '2004-10-17', 'audrey.gray@university.edu', 10),

('Christian', 'Ramirez', '2003-01-23', 'christian.ramirez2@university.edu', 1),
('Brooklyn', 'James', '2003-02-18', 'brooklyn.james@university.edu', 2),
('Aaron', 'Watson', '2003-03-13', 'aaron.watson@university.edu', 3),
('Bella', 'Brooks', '2003-04-28', 'bella.brooks@university.edu', 4),
('Jonathan', 'Kelly', '2003-05-20', 'jonathan.kelly@university.edu', 5),
('Claire', 'Sanders', '2003-06-26', 'claire.sanders@university.edu', 6),
('Charles', 'Price', '2003-07-17', 'charles.price@university.edu', 7),
('Skylar', 'Bennett', '2003-08-22', 'skylar.bennett@university.edu', 8),
('Eli', 'Wood', '2003-10-08', 'eli.wood@university.edu', 9),
('Anna', 'Barnes', '2003-10-19', 'anna.barnes@university.edu', 10),

('Connor', 'Ross', '2004-01-23', 'connor.ross@university.edu', 1),
('Paisley', 'Henderson', '2004-02-18', 'paisley.henderson@university.edu', 2),
('Adrian', 'Coleman', '2004-03-13', 'adrian.coleman@university.edu', 3),
('Genesis', 'Jenkins', '2004-04-28', 'genesis.jenkins@university.edu', 4),
('Jeremiah', 'Perry', '2004-05-20', 'jeremiah.perry@university.edu', 5),
('Naomi', 'Powell', '2004-06-26', 'naomi.powell@university.edu', 6),
('Hunter', 'Long', '2004-07-17', 'hunter.long@university.edu', 7),
('Elena', 'Patterson', '2004-08-22', 'elena.patterson@university.edu', 8),
('Robert', 'Hughes', '2004-10-08', 'robert.hughes@university.edu', 9),
('Caroline', 'Flores', '2004-10-19', 'caroline.flores@university.edu', 10),

('Jordan', 'Washington', '2003-01-25', 'jordan.washington@university.edu', 1),
('Sarah', 'Butler', '2003-02-20', 'sarah.butler@university.edu', 2),
('Ian', 'Simmons', '2003-03-15', 'ian.simmons@university.edu', 3),
('Allison', 'Foster', '2003-04-30', 'allison.foster@university.edu', 4),
('Colton', 'Gonzales', '2003-05-22', 'colton.gonzales@university.edu', 5),
('Madelyn', 'Bryant', '2003-06-28', 'madelyn.bryant@university.edu', 6),
('Dominic', 'Alexander', '2003-07-19', 'dominic.alexander@university.edu', 7),
('Ruby', 'Russell', '2003-08-24', 'ruby.russell@university.edu', 8),
('Austin', 'Griffin', '2003-10-10', 'austin.griffin@university.edu', 9),
('Kennedy', 'Diaz', '2003-10-21', 'kennedy.diaz@university.edu', 10),

('Adam', 'Hayes', '2004-01-25', 'adam.hayes@university.edu', 1),
('Alice', 'Myers', '2004-02-20', 'alice.myers@university.edu', 2),
('Jose', 'Ford', '2004-03-15', 'jose.ford@university.edu', 3),
('Autumn', 'Hamilton', '2004-04-30', 'autumn.hamilton@university.edu', 4),
('Nolan', 'Graham', '2004-05-22', 'nolan.graham@university.edu', 5),
('Quinn', 'Sullivan', '2004-06-28', 'quinn.sullivan@university.edu', 6),
('Easton', 'Wallace', '2004-07-19', 'easton.wallace@university.edu', 7),
('Eva', 'Woods', '2004-08-24', 'eva.woods@university.edu', 8),
('Cooper', 'Cole', '2004-10-10', 'cooper.cole@university.edu', 9),
('Nevaeh', 'West', '2004-10-21', 'nevaeh.west@university.edu', 10),

('Jaxon', 'Jordan', '2003-01-27', 'jaxon.jordan@university.edu', 1),
('Maya', 'Owens', '2003-02-22', 'maya.owens@university.edu', 2),
('Kevin', 'Reynolds', '2003-03-17', 'kevin.reynolds@university.edu', 3),
('Sadie', 'Fisher', '2003-05-02', 'sadie.fisher@university.edu', 4),
('Brandon', 'Ellis', '2003-05-24', 'brandon.ellis@university.edu', 5),
('Piper', 'Harrison', '2003-06-30', 'piper.harrison@university.edu', 6),
('Asher', 'Gibson', '2003-07-21', 'asher.gibson@university.edu', 7),
('Kinsley', 'Mcdonald', '2003-08-26', 'kinsley.mcdonald@university.edu', 8),
('Jason', 'Cruz', '2003-10-12', 'jason.cruz@university.edu', 9),
('Hailey', 'Marshall', '2003-10-23', 'hailey.marshall@university.edu', 10),

('Juan', 'Ortiz', '2004-01-27', 'juan.ortiz@university.edu', 1),
('Serenity', 'Gomez', '2004-02-22', 'serenity.gomez@university.edu', 2),
('Vincent', 'Murray', '2004-03-17', 'vincent.murray@university.edu', 3),
('Madeline', 'Freeman', '2004-05-02', 'madeline.freeman@university.edu', 4),
('Diego', 'Wells', '2004-05-24', 'diego.wells@university.edu', 5),
('Jade', 'Webb', '2004-06-30', 'jade.webb@university.edu', 6),
('Brody', 'Simpson', '2004-07-21', 'brody.simpson@university.edu', 7),
('Kaylee', 'Stevens', '2004-08-26', 'kaylee.stevens@university.edu', 8),
('Xavier', 'Tucker', '2004-10-12', 'xavier.tucker@university.edu', 9),
('Melanie', 'Porter', '2004-10-23', 'melanie.porter@university.edu', 10),

('Myles', 'Hunter', '2003-01-29', 'myles.hunter@university.edu', 1),
('Raelynn', 'Hicks', '2003-02-24', 'raelynn.hicks@university.edu', 2),
('Chase', 'Crawford', '2003-03-19', 'chase.crawford@university.edu', 3),
('Valentina', 'Henry', '2003-05-04', 'valentina.henry@university.edu', 4),
('Luis', 'Boyd', '2003-05-26', 'luis.boyd@university.edu', 5),
('Samantha', 'Mason', '2003-07-02', 'samantha.mason@university.edu', 6),
('Cole', 'Morales', '2003-07-23', 'cole.morales@university.edu', 7),
('Julia', 'Kennedy', '2003-08-28', 'julia.kennedy@university.edu', 8),
('Braxton', 'Warren', '2003-10-14', 'braxton.warren@university.edu', 9),
('Delilah', 'Dixon', '2003-10-25', 'delilah.dixon@university.edu', 10),

('Roman', 'Ramos', '2004-01-29', 'roman.ramos@university.edu', 1),
('Josephine', 'Reyes', '2004-02-24', 'josephine.reyes@university.edu', 2),
('Axel', 'Burns', '2004-03-19', 'axel.burns@university.edu', 3),
('Vivian', 'Gordon', '2004-05-04', 'vivian.gordon@university.edu', 4),
('Kaiden', 'Shaw', '2004-05-26', 'kaiden.shaw@university.edu', 5),
('Brielle', 'Holmes', '2004-07-02', 'brielle.holmes@university.edu', 6),
('Max', 'Rice', '2004-07-23', 'max.rice@university.edu', 7),
('Reagan', 'Robertson', '2004-08-28', 'reagan.robertson@university.edu', 8),
('Micah', 'Hunt', '2004-10-14', 'micah.hunt@university.edu', 9),
('Maria', 'Black', '2004-10-25', 'maria.black@university.edu', 10),

('Ayden', 'Daniels', '2003-01-31', 'ayden.daniels@university.edu', 1),
('Clara', 'Palmer', '2003-02-26', 'clara.palmer@university.edu', 2),
('Silas', 'Mills', '2003-03-21', 'silas.mills@university.edu', 3),
('Cora', 'Nichols', '2003-05-06', 'cora.nichols@university.edu', 4),
('Jesus', 'Grant', '2003-05-28', 'jesus.grant@university.edu', 5),
('Sydney', 'Knight', '2003-07-04', 'sydney.knight@university.edu', 6),
('Ryker', 'Ferguson', '2003-07-25', 'ryker.ferguson@university.edu', 7),
('Ariana', 'Rose', '2003-08-30', 'ariana.rose@university.edu', 8),
('Emmett', 'Stone', '2003-10-16', 'emmett.stone@university.edu', 9),
('Morgan', 'Hawkins', '2003-10-27', 'morgan.hawkins@university.edu', 10),

('Thiago', 'Dunn', '2004-01-31', 'thiago.dunn@university.edu', 1),
('Hadley', 'Perkins', '2004-02-26', 'hadley.perkins@university.edu', 2),
('Nathaniel', 'Hudson', '2004-03-21', 'nathaniel.hudson@university.edu', 3),
('Peyton', 'Spencer', '2004-05-06', 'peyton.spencer@university.edu', 4),
('George', 'Gardner', '2004-05-28', 'george.gardner@university.edu', 5),
('Alexandra', 'Stephens', '2004-07-04', 'alexandra.stephens@university.edu', 6),
('Sawyer', 'Payne', '2004-07-25', 'sawyer.payne@university.edu', 7),
('Jasmine', 'Pierce', '2004-08-30', 'jasmine.pierce@university.edu', 8),
('Arthur', 'Berry', '2004-10-16', 'arthur.berry@university.edu', 9),
('Norah', 'Matthews', '2004-10-27', 'norah.matthews@university.edu', 10),

('Zachary', 'Arnold', '2003-02-02', 'zachary.arnold@university.edu', 1),
('Eliana', 'Wagner', '2003-02-28', 'eliana.wagner@university.edu', 2),
('Maverick', 'Willis', '2003-03-23', 'maverick.willis@university.edu', 3),
('Eliza', 'Ray', '2003-05-08', 'eliza.ray@university.edu', 4),
('Diego', 'Watkins', '2003-05-30', 'diego.watkins2@university.edu', 5),
('Ivy', 'Olson', '2003-07-06', 'ivy.olson@university.edu', 6),
('Beau', 'Carroll', '2003-07-27', 'beau.carroll@university.edu', 7),
('Elise', 'Duncan', '2003-09-01', 'elise.duncan@university.edu', 8),
('Finn', 'Snyder', '2003-10-18', 'finn.snyder@university.edu', 9),
('Rosalie', 'Hart', '2003-10-29', 'rosalie.hart@university.edu', 10),

('Damian', 'Cunningham', '2004-02-02', 'damian.cunningham@university.edu', 1),
('Adeline', 'Bradley', '2004-02-28', 'adeline.bradley@university.edu', 2),
('Legend', 'Lane', '2004-03-23', 'legend.lane@university.edu', 3),
('Phoebe', 'Andrews', '2004-05-08', 'phoebe.andrews@university.edu', 4),
('Luis', 'Ruiz', '2004-05-30', 'luis.ruiz@university.edu', 5),
('Lyla', 'Harper', '2004-07-06', 'lyla.harper@university.edu', 6),
('Jude', 'Fox', '2004-07-27', 'jude.fox@university.edu', 7),
('Anastasia', 'Riley', '2004-09-01', 'anastasia.riley@university.edu', 8),
('Ryder', 'Armstrong', '2004-10-18', 'ryder.armstrong@university.edu', 9),
('Margaret', 'Carpenter', '2004-10-29', 'margaret.carpenter@university.edu', 10),

('Kai', 'Weaver', '2003-02-04', 'kai.weaver@university.edu', 1),
('Lauren', 'Greene', '2003-03-01', 'lauren.greene@university.edu', 2),
('Elliot', 'Lawrence', '2003-03-25', 'elliot.lawrence@university.edu', 3),
('Liliana', 'Elliott', '2003-05-10', 'liliana.elliott@university.edu', 4),
('Ivan', 'Chavez', '2003-06-01', 'ivan.chavez@university.edu', 5),
('Athena', 'Sims', '2003-07-08', 'athena.sims@university.edu', 6),
('Malachi', 'Austin', '2003-07-29', 'malachi.austin@university.edu', 7),
('Juliette', 'Peters', '2003-09-03', 'juliette.peters@university.edu', 8),
('Dean', 'Kelley', '2003-10-20', 'dean.kelley@university.edu', 9),
('Summer', 'Franklin', '2003-10-31', 'summer.franklin@university.edu', 10);


INSERT INTO [Enrollments] ([student_ID], [section_id], [enrollment_date], [final_grade])
VALUES
(1,'SEC001','2026-01-10','A'),(1,'SEC009','2026-01-10','B+'),(1,'SEC017','2026-01-10','A-'),
(2,'SEC002','2026-01-11','B'),(2,'SEC010','2026-01-11','A'),(2,'SEC018','2026-01-11','B+'),
(3,'SEC003','2026-01-12','A-'),(3,'SEC011','2026-01-12','C+'),(3,'SEC019','2026-01-12','B'),
(4,'SEC004','2026-01-13','B+'),(4,'SEC012','2026-01-13','A-'),(4,'SEC020','2026-01-13','A'),
(5,'SEC005','2026-01-14','C'),(5,'SEC013','2026-01-14','B'),(5,'SEC021','2026-01-14','B+'),
(6,'SEC006','2026-01-15','A'),(6,'SEC014','2026-01-15','A-'),(6,'SEC022','2026-01-15','B'),
(7,'SEC007','2026-01-16','B+'),(7,'SEC015','2026-01-16','C'),(7,'SEC023','2026-01-16','A'),
(8,'SEC008','2026-01-17','A-'),(8,'SEC016','2026-01-17','B+'),(8,'SEC024','2026-01-17','B'),
(9,'SEC001','2026-01-18','B'),(9,'SEC025','2026-01-18','A'),(9,'SEC031','2026-01-18','A-'),
(10,'SEC002','2026-01-19','C+'),(10,'SEC026','2026-01-19','B+'),(10,'SEC032','2026-01-19','B'),

(11,'SEC003','2026-01-20','A'),(11,'SEC011','2026-01-20','B'),(11,'SEC019','2026-01-20','A-'),
(12,'SEC004','2026-01-21','B+'),(12,'SEC012','2026-01-21','A'),(12,'SEC020','2026-01-21','B'),
(13,'SEC005','2026-01-22','A-'),(13,'SEC013','2026-01-22','B+'),(13,'SEC021','2026-01-22','C'),
(14,'SEC006','2026-01-23','B'),(14,'SEC014','2026-01-23','A-'),(14,'SEC022','2026-01-23','A'),
(15,'SEC007','2026-01-24','C+'),(15,'SEC015','2026-01-24','B'),(15,'SEC023','2026-01-24','B+'),
(16,'SEC008','2026-01-25','A'),(16,'SEC016','2026-01-25','A-'),(16,'SEC024','2026-01-25','B'),
(17,'SEC001','2026-01-26','B+'),(17,'SEC009','2026-01-26','C'),(17,'SEC017','2026-01-26','A'),
(18,'SEC002','2026-01-27','A-'),(18,'SEC010','2026-01-27','B+'),(18,'SEC018','2026-01-27','B'),
(19,'SEC003','2026-01-28','B'),(19,'SEC011','2026-01-28','A'),(19,'SEC019','2026-01-28','A-'),
(20,'SEC004','2026-01-29','C+'),(20,'SEC012','2026-01-29','B+'),(20,'SEC020','2026-01-29','B'),

(21,'SEC005','2026-01-30','A'),(21,'SEC013','2026-01-30','B'),(21,'SEC021','2026-01-30','A-'),
(22,'SEC006','2026-01-31','B+'),(22,'SEC014','2026-01-31','A'),(22,'SEC022','2026-01-31','B'),
(23,'SEC007','2026-02-01','A-'),(23,'SEC015','2026-02-01','B+'),(23,'SEC023','2026-02-01','C'),
(24,'SEC008','2026-02-02','B'),(24,'SEC016','2026-02-02','A-'),(24,'SEC024','2026-02-02','A'),
(25,'SEC001','2026-02-03','C+'),(25,'SEC025','2026-02-03','B'),(25,'SEC031','2026-02-03','B+'),
(26,'SEC002','2026-02-04','A'),(26,'SEC026','2026-02-04','A-'),(26,'SEC032','2026-02-04','B'),
(27,'SEC003','2026-02-05','B+'),(27,'SEC009','2026-02-05','C'),(27,'SEC017','2026-02-05','A'),
(28,'SEC004','2026-02-06','A-'),(28,'SEC010','2026-02-06','B+'),(28,'SEC018','2026-02-06','B'),
(29,'SEC005','2026-02-07','B'),(29,'SEC011','2026-02-07','A'),(29,'SEC019','2026-02-07','A-'),
(30,'SEC006','2026-02-08','C+'),(30,'SEC012','2026-02-08','B+'),(30,'SEC020','2026-02-08','B'),

(31,'SEC007','2026-02-09','A'),(31,'SEC013','2026-02-09','B'),(31,'SEC021','2026-02-09','A-'),
(32,'SEC008','2026-02-10','B+'),(32,'SEC014','2026-02-10','A'),(32,'SEC022','2026-02-10','B'),
(33,'SEC001','2026-02-11','A-'),(33,'SEC015','2026-02-11','B+'),(33,'SEC023','2026-02-11','C'),
(34,'SEC002','2026-02-12','B'),(34,'SEC016','2026-02-12','A-'),(34,'SEC024','2026-02-12','A'),
(35,'SEC003','2026-02-13','C+'),(35,'SEC025','2026-02-13','B'),(35,'SEC031','2026-02-13','B+'),
(36,'SEC004','2026-02-14','A'),(36,'SEC026','2026-02-14','A-'),(36,'SEC032','2026-02-14','B'),
(37,'SEC005','2026-02-15','B+'),(37,'SEC009','2026-02-15','C'),(37,'SEC017','2026-02-15','A'),
(38,'SEC006','2026-02-16','A-'),(38,'SEC010','2026-02-16','B+'),(38,'SEC018','2026-02-16','B'),
(39,'SEC007','2026-02-17','B'),(39,'SEC011','2026-02-17','A'),(39,'SEC019','2026-02-17','A-'),
(40,'SEC008','2026-02-18','C+'),(40,'SEC012','2026-02-18','B+'),(40,'SEC020','2026-02-18','B'),

(41,'SEC001','2026-02-19','A'),(41,'SEC013','2026-02-19','B'),(41,'SEC021','2026-02-19','A-'),
(42,'SEC002','2026-02-20','B+'),(42,'SEC014','2026-02-20','A'),(42,'SEC022','2026-02-20','B'),
(43,'SEC003','2026-02-21','A-'),(43,'SEC015','2026-02-21','B+'),(43,'SEC023','2026-02-21','C'),
(44,'SEC004','2026-02-22','B'),(44,'SEC016','2026-02-22','A-'),(44,'SEC024','2026-02-22','A'),
(45,'SEC005','2026-02-23','C+'),(45,'SEC025','2026-02-23','B'),(45,'SEC031','2026-02-23','B+'),
(46,'SEC006','2026-02-24','A'),(46,'SEC026','2026-02-24','A-'),(46,'SEC032','2026-02-24','B'),
(47,'SEC007','2026-02-25','B+'),(47,'SEC009','2026-02-25','C'),(47,'SEC017','2026-02-25','A'),
(48,'SEC008','2026-02-26','A-'),(48,'SEC010','2026-02-26','B+'),(48,'SEC018','2026-02-26','B'),
(49,'SEC001','2026-02-27','B'),(49,'SEC011','2026-02-27','A'),(49,'SEC019','2026-02-27','A-'),
(50,'SEC002','2026-02-28','C+'),(50,'SEC012','2026-02-28','B+'),(50,'SEC020','2026-02-28','B'),

(51,'SEC003','2026-03-01','A'),(51,'SEC013','2026-03-01','B'),(51,'SEC021','2026-03-01','A-'),
(52,'SEC004','2026-03-02','B+'),(52,'SEC014','2026-03-02','A'),(52,'SEC022','2026-03-02','B'),
(53,'SEC005','2026-03-03','A-'),(53,'SEC015','2026-03-03','B+'),(53,'SEC023','2026-03-03','C'),
(54,'SEC006','2026-03-04','B'),(54,'SEC016','2026-03-04','A-'),(54,'SEC024','2026-03-04','A'),
(55,'SEC007','2026-03-05','C+'),(55,'SEC025','2026-03-05','B'),(55,'SEC031','2026-03-05','B+'),
(56,'SEC008','2026-03-06','A'),(56,'SEC026','2026-03-06','A-'),(56,'SEC032','2026-03-06','B'),
(57,'SEC001','2026-03-07','B+'),(57,'SEC009','2026-03-07','C'),(57,'SEC017','2026-03-07','A'),
(58,'SEC002','2026-03-08','A-'),(58,'SEC010','2026-03-08','B+'),(58,'SEC018','2026-03-08','B'),
(59,'SEC003','2026-03-09','B'),(59,'SEC011','2026-03-09','A'),(59,'SEC019','2026-03-09','A-'),
(60,'SEC004','2026-03-10','C+'),(60,'SEC012','2026-03-10','B+'),(60,'SEC020','2026-03-10','B'),

(61,'SEC005','2026-03-11','A'),(61,'SEC013','2026-03-11','B'),(61,'SEC021','2026-03-11','A-'),
(62,'SEC006','2026-03-12','B+'),(62,'SEC014','2026-03-12','A'),(62,'SEC022','2026-03-12','B'),
(63,'SEC007','2026-03-13','A-'),(63,'SEC015','2026-03-13','B+'),(63,'SEC023','2026-03-13','C'),
(64,'SEC008','2026-03-14','B'),(64,'SEC016','2026-03-14','A-'),(64,'SEC024','2026-03-14','A'),
(65,'SEC001','2026-03-15','C+'),(65,'SEC025','2026-03-15','B'),(65,'SEC031','2026-03-15','B+'),
(66,'SEC002','2026-03-16','A'),(66,'SEC026','2026-03-16','A-'),(66,'SEC032','2026-03-16','B'),
(67,'SEC003','2026-03-17','B+'),(67,'SEC009','2026-03-17','C'),(67,'SEC017','2026-03-17','A'),
(68,'SEC004','2026-03-18','A-'),(68,'SEC010','2026-03-18','B+'),(68,'SEC018','2026-03-18','B'),
(69,'SEC005','2026-03-19','B'),(69,'SEC011','2026-03-19','A'),(69,'SEC019','2026-03-19','A-'),
(70,'SEC006','2026-03-20','C+'),(70,'SEC012','2026-03-20','B+'),(70,'SEC020','2026-03-20','B'),

(71,'SEC007','2026-03-21','A'),(71,'SEC013','2026-03-21','B'),(71,'SEC021','2026-03-21','A-'),
(72,'SEC008','2026-03-22','B+'),(72,'SEC014','2026-03-22','A'),(72,'SEC022','2026-03-22','B'),
(73,'SEC001','2026-03-23','A-'),(73,'SEC015','2026-03-23','B+'),(73,'SEC023','2026-03-23','C'),
(74,'SEC002','2026-03-24','B'),(74,'SEC016','2026-03-24','A-'),(74,'SEC024','2026-03-24','A'),
(75,'SEC003','2026-03-25','C+'),(75,'SEC025','2026-03-25','B'),(75,'SEC031','2026-03-25','B+'),
(76,'SEC004','2026-03-26','A'),(76,'SEC026','2026-03-26','A-'),(76,'SEC032','2026-03-26','B'),
(77,'SEC005','2026-03-27','B+'),(77,'SEC009','2026-03-27','C'),(77,'SEC017','2026-03-27','A'),
(78,'SEC006','2026-03-28','A-'),(78,'SEC010','2026-03-28','B+'),(78,'SEC018','2026-03-28','B'),
(79,'SEC007','2026-03-29','B'),(79,'SEC011','2026-03-29','A'),(79,'SEC019','2026-03-29','A-'),
(80,'SEC008','2026-03-30','C+'),(80,'SEC012','2026-03-30','B+'),(80,'SEC020','2026-03-30','B'),

(81,'SEC001','2026-03-31','A'),(81,'SEC013','2026-03-31','B'),(81,'SEC021','2026-03-31','A-'),
(82,'SEC002','2026-04-01','B+'),(82,'SEC014','2026-04-01','A'),(82,'SEC022','2026-04-01','B'),
(83,'SEC003','2026-04-02','A-'),(83,'SEC015','2026-04-02','B+'),(83,'SEC023','2026-04-02','C'),
(84,'SEC004','2026-04-03','B'),(84,'SEC016','2026-04-03','A-'),(84,'SEC024','2026-04-03','A'),
(85,'SEC005','2026-04-04','C+'),(85,'SEC025','2026-04-04','B'),(85,'SEC031','2026-04-04','B+'),
(86,'SEC006','2026-04-05','A'),(86,'SEC026','2026-04-05','A-'),(86,'SEC032','2026-04-05','B'),
(87,'SEC007','2026-04-06','B+'),(87,'SEC009','2026-04-06','C'),(87,'SEC017','2026-04-06','A'),
(88,'SEC008','2026-04-07','A-'),(88,'SEC010','2026-04-07','B+'),(88,'SEC018','2026-04-07','B'),
(89,'SEC001','2026-04-08','B'),(89,'SEC011','2026-04-08','A'),(89,'SEC019','2026-04-08','A-'),
(90,'SEC002','2026-04-09','C+'),(90,'SEC012','2026-04-09','B+'),(90,'SEC020','2026-04-09','B'),

(91,'SEC003','2026-04-10','A'),(91,'SEC013','2026-04-10','B'),(91,'SEC021','2026-04-10','A-'),
(92,'SEC004','2026-04-11','B+'),(92,'SEC014','2026-04-11','A'),(92,'SEC022','2026-04-11','B'),
(93,'SEC005','2026-04-12','A-'),(93,'SEC015','2026-04-12','B+'),(93,'SEC023','2026-04-12','C'),
(94,'SEC006','2026-04-13','B'),(94,'SEC016','2026-04-13','A-'),(94,'SEC024','2026-04-13','A'),
(95,'SEC007','2026-04-14','C+'),(95,'SEC025','2026-04-14','B'),(95,'SEC031','2026-04-14','B+'),
(96,'SEC008','2026-04-15','A'),(96,'SEC026','2026-04-15','A-'),(96,'SEC032','2026-04-15','B'),
(97,'SEC001','2026-04-16','B+'),(97,'SEC009','2026-04-16','C'),(97,'SEC017','2026-04-16','A'),
(98,'SEC002','2026-04-17','A-'),(98,'SEC010','2026-04-17','B+'),(98,'SEC018','2026-04-17','B'),
(99,'SEC003','2026-04-18','B'),(99,'SEC011','2026-04-18','A'),(99,'SEC019','2026-04-18','A-'),
(100,'SEC004','2026-04-19','C+'),(100,'SEC012','2026-04-19','B+'),(100,'SEC020','2026-04-19','B'),

(101,'SEC005','2026-04-20','A'),(101,'SEC013','2026-04-20','B'),(101,'SEC021','2026-04-20','A-'),
(102,'SEC006','2026-04-21','B+'),(102,'SEC014','2026-04-21','A'),(102,'SEC022','2026-04-21','B'),
(103,'SEC007','2026-04-22','A-'),(103,'SEC015','2026-04-22','B+'),(103,'SEC023','2026-04-22','C'),
(104,'SEC008','2026-04-23','B'),(104,'SEC016','2026-04-23','A-'),(104,'SEC024','2026-04-23','A'),
(105,'SEC001','2026-04-24','C+'),(105,'SEC025','2026-04-24','B'),(105,'SEC031','2026-04-24','B+'),
(106,'SEC002','2026-04-25','A'),(106,'SEC026','2026-04-25','A-'),(106,'SEC032','2026-04-25','B'),
(107,'SEC003','2026-04-26','B+'),(107,'SEC009','2026-04-26','C'),(107,'SEC017','2026-04-26','A'),
(108,'SEC004','2026-04-27','A-'),(108,'SEC010','2026-04-27','B+'),(108,'SEC018','2026-04-27','B'),
(109,'SEC005','2026-04-28','B'),(109,'SEC011','2026-04-28','A'),(109,'SEC019','2026-04-28','A-'),
(110,'SEC006','2026-04-29','C+'),(110,'SEC012','2026-04-29','B+'),(110,'SEC020','2026-04-29','B'),

(111,'SEC007','2026-04-30','A'),(111,'SEC013','2026-04-30','B'),(111,'SEC021','2026-04-30','A-'),
(112,'SEC008','2026-05-01','B+'),(112,'SEC014','2026-05-01','A'),(112,'SEC022','2026-05-01','B'),
(113,'SEC001','2026-05-02','A-'),(113,'SEC015','2026-05-02','B+'),(113,'SEC023','2026-05-02','C'),
(114,'SEC002','2026-05-03','B'),(114,'SEC016','2026-05-03','A-'),(114,'SEC024','2026-05-03','A'),
(115,'SEC003','2026-05-04','C+'),(115,'SEC025','2026-05-04','B'),(115,'SEC031','2026-05-04','B+'),
(116,'SEC004','2026-05-05','A'),(116,'SEC026','2026-05-05','A-'),(116,'SEC032','2026-05-05','B'),
(117,'SEC005','2026-05-06','B+'),(117,'SEC009','2026-05-06','C'),(117,'SEC017','2026-05-06','A'),
(118,'SEC006','2026-05-07','A-'),(118,'SEC010','2026-05-07','B+'),(118,'SEC018','2026-05-07','B'),
(119,'SEC007','2026-05-08','B'),(119,'SEC011','2026-05-08','A'),(119,'SEC019','2026-05-08','A-'),
(120,'SEC008','2026-05-09','C+'),(120,'SEC012','2026-05-09','B+'),(120,'SEC020','2026-05-09','B'),

(121,'SEC001','2026-05-10','A'),(121,'SEC013','2026-05-10','B'),(121,'SEC021','2026-05-10','A-'),
(122,'SEC002','2026-05-11','B+'),(122,'SEC014','2026-05-11','A'),(122,'SEC022','2026-05-11','B'),
(123,'SEC003','2026-05-12','A-'),(123,'SEC015','2026-05-12','B+'),(123,'SEC023','2026-05-12','C'),
(124,'SEC004','2026-05-13','B'),(124,'SEC016','2026-05-13','A-'),(124,'SEC024','2026-05-13','A'),
(125,'SEC005','2026-05-14','C+'),(125,'SEC025','2026-05-14','B'),(125,'SEC031','2026-05-14','B+'),
(126,'SEC006','2026-05-15','A'),(126,'SEC026','2026-05-15','A-'),(126,'SEC032','2026-05-15','B'),
(127,'SEC007','2026-05-16','B+'),(127,'SEC009','2026-05-16','C'),(127,'SEC017','2026-05-16','A'),
(128,'SEC008','2026-05-17','A-'),(128,'SEC010','2026-05-17','B+'),(128,'SEC018','2026-05-17','B'),
(129,'SEC001','2026-05-18','B'),(129,'SEC011','2026-05-18','A'),(129,'SEC019','2026-05-18','A-'),
(130,'SEC002','2026-05-19','C+'),(130,'SEC012','2026-05-19','B+'),(130,'SEC020','2026-05-19','B'),

(131,'SEC003','2026-05-20','A'),(131,'SEC013','2026-05-20','B'),(131,'SEC021','2026-05-20','A-'),
(132,'SEC004','2026-05-21','B+'),(132,'SEC014','2026-05-21','A'),(132,'SEC022','2026-05-21','B'),
(133,'SEC005','2026-05-22','A-'),(133,'SEC015','2026-05-22','B+'),(133,'SEC023','2026-05-22','C'),
(134,'SEC006','2026-05-23','B'),(134,'SEC016','2026-05-23','A-'),(134,'SEC024','2026-05-23','A'),
(135,'SEC007','2026-05-24','C+'),(135,'SEC025','2026-05-24','B'),(135,'SEC031','2026-05-24','B+'),
(136,'SEC008','2026-05-25','A'),(136,'SEC026','2026-05-25','A-'),(136,'SEC032','2026-05-25','B'),
(137,'SEC001','2026-05-26','B+'),(137,'SEC009','2026-05-26','C'),(137,'SEC017','2026-05-26','A'),
(138,'SEC002','2026-05-27','A-'),(138,'SEC010','2026-05-27','B+'),(138,'SEC018','2026-05-27','B'),
(139,'SEC003','2026-05-28','B'),(139,'SEC011','2026-05-28','A'),(139,'SEC019','2026-05-28','A-'),
(140,'SEC004','2026-05-29','C+'),(140,'SEC012','2026-05-29','B+'),(140,'SEC020','2026-05-29','B'),

(141,'SEC005','2026-05-30','A'),(141,'SEC013','2026-05-30','B'),(141,'SEC021','2026-05-30','A-'),
(142,'SEC006','2026-05-31','B+'),(142,'SEC014','2026-05-31','A'),(142,'SEC022','2026-05-31','B'),
(143,'SEC007','2026-06-01','A-'),(143,'SEC015','2026-06-01','B+'),(143,'SEC023','2026-06-01','C'),
(144,'SEC008','2026-06-02','B'),(144,'SEC016','2026-06-02','A-'),(144,'SEC024','2026-06-02','A'),
(145,'SEC001','2026-06-03','C+'),(145,'SEC025','2026-06-03','B'),(145,'SEC031','2026-06-03','B+'),
(146,'SEC002','2026-06-04','A'),(146,'SEC026','2026-06-04','A-'),(146,'SEC032','2026-06-04','B'),
(147,'SEC003','2026-06-05','B+'),(147,'SEC009','2026-06-05','C'),(147,'SEC017','2026-06-05','A'),
(148,'SEC004','2026-06-06','A-'),(148,'SEC010','2026-06-06','B+'),(148,'SEC018','2026-06-06','B'),
(149,'SEC005','2026-06-07','B'),(149,'SEC011','2026-06-07','A'),(149,'SEC019','2026-06-07','A-'),
(150,'SEC006','2026-06-08','C+'),(150,'SEC012','2026-06-08','B+'),(150,'SEC020','2026-06-08','B'),

(151,'SEC007','2026-06-09','A'),(151,'SEC013','2026-06-09','B'),(151,'SEC021','2026-06-09','A-'),
(152,'SEC008','2026-06-10','B+'),(152,'SEC014','2026-06-10','A'),(152,'SEC022','2026-06-10','B'),
(153,'SEC001','2026-06-11','A-'),(153,'SEC015','2026-06-11','B+'),(153,'SEC023','2026-06-11','C'),
(154,'SEC002','2026-06-12','B'),(154,'SEC016','2026-06-12','A-'),(154,'SEC024','2026-06-12','A'),
(155,'SEC003','2026-06-13','C+'),(155,'SEC025','2026-06-13','B'),(155,'SEC031','2026-06-13','B+'),
(156,'SEC004','2026-06-14','A'),(156,'SEC026','2026-06-14','A-'),(156,'SEC032','2026-06-14','B'),
(157,'SEC005','2026-06-15','B+'),(157,'SEC009','2026-06-15','C'),(157,'SEC017','2026-06-15','A'),
(158,'SEC006','2026-06-16','A-'),(158,'SEC010','2026-06-16','B+'),(158,'SEC018','2026-06-16','B'),
(159,'SEC007','2026-06-17','B'),(159,'SEC011','2026-06-17','A'),(159,'SEC019','2026-06-17','A-'),
(160,'SEC008','2026-06-18','C+'),(160,'SEC012','2026-06-18','B+'),(160,'SEC020','2026-06-18','B'),

(161,'SEC001','2026-06-19','A'),(161,'SEC013','2026-06-19','B'),(161,'SEC021','2026-06-19','A-'),
(162,'SEC002','2026-06-20','B+'),(162,'SEC014','2026-06-20','A'),(162,'SEC022','2026-06-20','B'),
(163,'SEC003','2026-06-21','A-'),(163,'SEC015','2026-06-21','B+'),(163,'SEC023','2026-06-21','C'),
(164,'SEC004','2026-06-22','B'),(164,'SEC016','2026-06-22','A-'),(164,'SEC024','2026-06-22','A'),
(165,'SEC005','2026-06-23','C+'),(165,'SEC025','2026-06-23','B'),(165,'SEC031','2026-06-23','B+'),
(166,'SEC006','2026-06-24','A'),(166,'SEC026','2026-06-24','A-'),(166,'SEC032','2026-06-24','B'),
(167,'SEC007','2026-06-25','B+'),(167,'SEC009','2026-06-25','C'),(167,'SEC017','2026-06-25','A'),
(168,'SEC008','2026-06-26','A-'),(168,'SEC010','2026-06-26','B+'),(168,'SEC018','2026-06-26','B'),
(169,'SEC001','2026-06-27','B'),(169,'SEC011','2026-06-27','A'),(169,'SEC019','2026-06-27','A-'),
(170,'SEC002','2026-06-28','C+'),(170,'SEC012','2026-06-28','B+'),(170,'SEC020','2026-06-28','B'),

(171,'SEC003','2026-06-29','A'),(171,'SEC013','2026-06-29','B'),(171,'SEC021','2026-06-29','A-'),
(172,'SEC004','2026-06-30','B+'),(172,'SEC014','2026-06-30','A'),(172,'SEC022','2026-06-30','B'),
(173,'SEC005','2026-07-01','A-'),(173,'SEC015','2026-07-01','B+'),(173,'SEC023','2026-07-01','C'),
(174,'SEC006','2026-07-02','B'),(174,'SEC016','2026-07-02','A-'),(174,'SEC024','2026-07-02','A'),
(175,'SEC007','2026-07-03','C+'),(175,'SEC025','2026-07-03','B'),(175,'SEC031','2026-07-03','B+'),
(176,'SEC008','2026-07-04','A'),(176,'SEC026','2026-07-04','A-'),(176,'SEC032','2026-07-04','B'),
(177,'SEC001','2026-07-05','B+'),(177,'SEC009','2026-07-05','C'),(177,'SEC017','2026-07-05','A'),
(178,'SEC002','2026-07-06','A-'),(178,'SEC010','2026-07-06','B+'),(178,'SEC018','2026-07-06','B'),
(179,'SEC003','2026-07-07','B'),(179,'SEC011','2026-07-07','A'),(179,'SEC019','2026-07-07','A-'),
(180,'SEC004','2026-07-08','C+'),(180,'SEC012','2026-07-08','B+'),(180,'SEC020','2026-07-08','B'),

(181,'SEC005','2026-07-09','A'),(181,'SEC013','2026-07-09','B'),(181,'SEC021','2026-07-09','A-'),
(182,'SEC006','2026-07-10','B+'),(182,'SEC014','2026-07-10','A'),(182,'SEC022','2026-07-10','B'),
(183,'SEC007','2026-07-11','A-'),(183,'SEC015','2026-07-11','B+'),(183,'SEC023','2026-07-11','C'),
(184,'SEC008','2026-07-12','B'),(184,'SEC016','2026-07-12','A-'),(184,'SEC024','2026-07-12','A'),
(185,'SEC001','2026-07-13','C+'),(185,'SEC025','2026-07-13','B'),(185,'SEC031','2026-07-13','B+'),
(186,'SEC002','2026-07-14','A'),(186,'SEC026','2026-07-14','A-'),(186,'SEC032','2026-07-14','B'),
(187,'SEC003','2026-07-15','B+'),(187,'SEC009','2026-07-15','C'),(187,'SEC017','2026-07-15','A'),
(188,'SEC004','2026-07-16','A-'),(188,'SEC010','2026-07-16','B+'),(188,'SEC018','2026-07-16','B'),
(189,'SEC005','2026-07-17','B'),(189,'SEC011','2026-07-17','A'),(189,'SEC019','2026-07-17','A-'),
(190,'SEC006','2026-07-18','C+'),(190,'SEC012','2026-07-18','B+'),(190,'SEC020','2026-07-18','B'),

(191,'SEC007','2026-07-19','A'),(191,'SEC013','2026-07-19','B'),(191,'SEC021','2026-07-19','A-'),
(192,'SEC008','2026-07-20','B+'),(192,'SEC014','2026-07-20','A'),(192,'SEC022','2026-07-20','B'),
(193,'SEC001','2026-07-21','A-'),(193,'SEC015','2026-07-21','B+'),(193,'SEC023','2026-07-21','C'),
(194,'SEC002','2026-07-22','B'),(194,'SEC016','2026-07-22','A-'),(194,'SEC024','2026-07-22','A'),
(195,'SEC003','2026-07-23','C+'),(195,'SEC025','2026-07-23','B'),(195,'SEC031','2026-07-23','B+'),
(196,'SEC004','2026-07-24','A'),(196,'SEC026','2026-07-24','A-'),(196,'SEC032','2026-07-24','B'),
(197,'SEC005','2026-07-25','B+'),(197,'SEC009','2026-07-25','C'),(197,'SEC017','2026-07-25','A'),
(198,'SEC006','2026-07-26','A-'),(198,'SEC010','2026-07-26','B+'),(198,'SEC018','2026-07-26','B'),
(199,'SEC007','2026-07-27','B'),(199,'SEC011','2026-07-27','A'),(199,'SEC019','2026-07-27','A-'),
(200,'SEC008','2026-07-28','C+'),(200,'SEC012','2026-07-28','B+'),(200,'SEC020','2026-07-28','B');